{"model-name":"SampleModel","input":[[0,0],[0,1],[1,0],[1,1]],"weight":[1,-2],"weight_labels":["w1 =","w2 ="],"threshold":0,"threshold-editable":false,"desired-output":{"rows":4,"cols":0,"data":["0","0","0","0"]},"input-toggle-checked":false,"output-toggle-checked":false,"fanfare-toggle-checked":false,"input-header-vars":[{"name":"x1","html":"<div class=\"input-content\">x<sub>1</sub></div>","weight_editable":true},{"name":"x2","html":"\n                                            <div class=\"input-content\">x<sub>2</sub></div>","weight_editable":false}],"binaryToggleChecked":false}