{"model-name":"Level 1","input":[[0,0],[0,1],[1,0],[1,1]],"weight":[1,1],"weight_labels":["w1 =","w2 ="],"threshold":0,"threshold-editable":true,"desired-output":{"rows":4,"cols":0,"data":["0","0","0","1"]},"input-toggle-checked":false,"output-toggle-checked":true,"fanfare-toggle-checked":true,"input-header-vars":[{"name":"Peanut Butter","html":"Peanut Butter","weight_editable":false},{"name":"Jelly","html":"Jelly","weight_editable":false}],"binaryToggleChecked":true,"question":"Can I make a peanut butter and jelly sandwich? "}