{"model-name":"Problem 3","input":[[0,0],[0,1],[1,0],[1,1]],"weight":[1,1],"weight_labels":["w1 =","w2 ="],"threshold":1,"threshold-editable":true,"desired-output":{"rows":4,"cols":0,"data":["0","1","1","1"]},"input-toggle-checked":true,"output-toggle-checked":true,"fanfare-toggle-checked":true,"input-header-vars":[{"name":"Rain","html":"Rain","weight_editable":false},{"name":"Snow","html":"Snow","weight_editable":false}],"binaryToggleChecked":true,"question":"Should I wear my boots today? I wear boots when it is either raining or snowing."}